Sample_id,Sample_label
1,3
2,9
3,8
4,1
5,1
6,8
7,9
8,5
9,1
10,2
11,1
12,10
13,1
14,9
15,4
16,8
17,9
18,1
19,3
20,2
21,2
22,1
23,1
24,4
25,2
26,4
27,2
28,8
29,8
30,1
31,4
32,1
33,10
34,5
35,4
36,3
37,1
38,1
39,1
40,2
41,10
42,2
43,3
44,8
45,1
46,2
47,2
48,1
49,4
50,9
51,2
52,3
53,7
54,8
55,3
56,3
57,10
58,1
59,3
60,2
61,7
62,1
63,4
64,1
65,5
66,2
67,1
68,4
69,2
70,3
71,8
72,5
73,6
74,5
75,8
76,2
77,8
78,3
79,9
80,6
81,9
82,7
83,1
84,2
85,9
86,1
87,7
88,3
89,4
90,8
91,6
92,2
93,1
94,1
95,5
96,10
97,6
98,4
99,2
100,9
101,1
102,10
103,10
104,7
105,2
106,2
107,1
108,1
109,2
110,8
111,9
112,2
113,1
114,8
115,1
116,8
117,1
118,1
119,1
120,3
121,1
122,1
123,2
124,1
125,3
126,2
127,1
128,1
129,9
130,2
131,5
132,8
133,1
134,9
135,1
136,4
137,6
138,3
139,3
140,10
141,7
142,8
143,7
144,1
145,6
146,1
147,9
148,5
149,5
150,1
151,2
152,5
153,2
154,5
155,6
156,1
157,10
158,7
159,7
160,1
161,7
162,6
163,5
164,2
165,4
166,6
167,8
168,5
169,6
170,10
171,2
172,5
173,8
174,4
175,1
176,2
177,2
178,5
179,6
180,10
181,1
182,1
183,2
184,6
185,2
186,1
187,3
188,8
189,4
190,5
191,7
192,2
193,5
194,9
195,5
196,3
197,2
198,1
199,2
200,10
201,2
202,4
203,4
204,1
205,4
206,1
207,9
208,7
209,5
210,3
211,4
212,4
213,10
214,1
215,1
216,1
217,10
218,2
219,10
220,2
221,5
222,1
223,1
224,5
225,4
226,2
227,1
228,2
229,3
230,2
231,7
232,6
233,7
234,1
235,6
236,1
237,3
238,4
239,8
240,1
241,8
242,1
243,8
244,1
245,1
246,2
247,7
248,2
249,7
250,2
251,1
252,7
253,5
254,3
255,1
256,2
257,1
258,2
259,1
260,2
261,6
262,2
263,1
264,5
265,4
266,4
267,1
268,8
269,1
270,10
271,4
272,2
273,6
274,9
275,8
276,7
277,6
278,2
279,4
280,7
281,4
282,1
283,8
284,6
285,8
286,2
287,5
288,10
289,4
290,1
291,1
292,5
293,10
294,1
295,6
296,4
297,1
298,1
299,7
300,1
301,8
302,1
303,9
304,1
305,4
306,1
307,1
308,1
309,7
310,1
311,5
312,3
313,2
314,7
315,2
316,3
317,2
318,1
319,2
320,1
321,1
322,2
323,8
324,1
325,1
326,10
327,6
328,5
329,7
330,5
331,1
332,3
333,8
334,1
335,1
336,1
337,6
338,8
339,3
340,4
341,8
342,4
343,1
344,2
345,1
346,2
347,6
348,9
349,5
350,1
351,1
352,3
353,6
354,6
355,1
356,1
357,8
358,3
359,10
360,1
361,1
362,1
363,8
364,2
365,9
366,3
367,1
368,2
369,4
370,6
371,8
372,2
373,7
374,10
375,1
376,5
377,2
378,1
379,1
380,1
381,8
382,1
383,1
384,1
385,10
386,7
387,3
388,1
389,1
390,2
391,5
392,1
393,6
394,1
395,4
396,7
397,1
398,7
399,8
400,8
401,2
402,1
403,10
404,2
405,2
406,2
407,2
408,10
409,1
410,1
411,1
412,7
413,8
414,8
415,2
416,1
417,9
418,1
419,4
420,3
421,7
422,2
423,7
424,7
425,8
426,4
427,2
428,8
429,5
430,3
431,6
432,1
433,1
434,4
435,8
436,1
437,3
438,3
439,5
440,10
441,3
442,5
443,5
444,8
445,3
446,3
447,1
448,1
449,9
450,1
451,8
452,2
453,1
454,7
455,2
456,3
457,3
458,8
459,7
460,10
461,4
462,1
463,2
464,1
465,8
466,8
467,7
468,1
469,2
470,8
471,6
472,1
473,2
474,1
475,2
476,8
477,3
478,8
479,4
480,9
481,2
482,10
483,10
484,9
485,5
486,3
487,1
488,1
489,7
490,7
491,2
492,6
493,1
494,6
495,2
496,1
497,3
498,7
499,2
500,10
501,8
502,10
503,8
504,7
505,9
506,2
507,1
508,8
509,2
510,9
511,4
512,5
513,1
514,2
515,3
516,5
517,2
518,4
519,1
520,7
521,3
522,8
523,2
524,1
525,1
526,1
527,5
528,1
529,1
530,2
531,2
532,5
533,4
534,8
535,1
536,1
537,1
538,1
539,3
540,7
541,1
542,9
543,4
544,4
545,1
546,1
547,2
548,8
549,5
550,5
551,1
552,4
553,10
554,1
555,8
556,2
557,1
558,10
559,4
560,2
561,1
562,4
563,2
564,9
565,7
566,1
567,8
568,8
569,2
570,4
571,8
572,10
573,1
574,1
575,4
576,3
577,2
578,1
579,4
580,2
581,3
582,4
583,1
584,7
585,2
586,5
587,1
588,1
589,5
590,1
591,2
592,1
593,1
594,10
595,1
596,1
597,9
598,1
599,8
600,6
601,5
602,3
603,3
604,1
605,3
606,1
607,1
608,8
609,9
610,1
611,10
612,1
613,5
614,3
615,1
616,9
617,5
618,1
619,2
620,1
621,1
622,1
623,1
624,7
625,3
626,5
627,7
628,1
629,3
630,4
631,6
632,1
633,2
634,6
635,1
636,4
637,3
638,1
639,1
640,6
641,2
642,4
643,8
644,8
645,7
646,1
647,2
648,10
649,7
650,1
651,3
652,2
653,6
654,3
655,2
656,8
657,4
658,8
659,5
660,4
661,3
662,10
663,5
664,2
665,4
666,6
667,9
668,1
669,9
670,8
671,2
672,4
673,1
674,1
675,8
676,1
677,1
678,1
679,9
680,1
681,1
682,1
683,1
684,2
685,4
686,6
687,5
688,4
689,2
690,1
691,1
692,7
693,2
694,2
695,6
696,5
697,1
698,6
699,8
700,2
701,2
702,2
703,1
704,4
705,10
706,2
707,1
708,6
709,10
710,1
711,1
712,2
713,10
714,1
715,8
716,5
717,1
718,9
719,1
720,1
721,6
722,2
723,6
724,2
725,3
726,1
727,5
728,5
729,1
730,8
731,1
732,4
733,3
734,4
735,8
736,1
737,1
738,2
739,8
740,1
741,4
742,6
743,3
744,8
745,10
746,3
747,6
748,8
749,5
750,8
751,8
752,3
753,2
754,10
755,10
756,6
757,7
758,7
759,8
760,1
761,1
762,1
763,1
764,6
765,1
766,1
767,1
768,4
769,1
770,1
771,1
772,1
773,7
774,1
775,5
776,4
777,8
778,7
779,1
780,5
781,1
782,7
783,1
784,3
785,1
786,8
787,2
788,3
789,1
790,1
791,1
792,8
793,8
794,3
795,2
796,1
797,4
798,8
799,1
800,5
801,2
802,1
803,4
804,1
805,1
806,2
807,1
808,1
809,8
810,2
811,6
812,10
813,2
814,1
815,2
816,9
817,4
818,7
819,8
820,2
821,1
822,1
823,2
824,1
825,6
826,7
827,8
828,6
829,1
830,2
831,6
832,9
833,8
834,8
835,8
836,1
837,1
838,7
839,3
840,8
841,2
842,4
843,3
844,2
845,5
846,10
847,1
848,6
849,8
850,3
851,4
852,1
853,2
854,1
855,5
856,6
857,1
858,10
859,3
860,6
861,1
862,7
863,2
864,1
865,3
866,9
867,2
868,3
869,9
870,2
871,1
872,1
873,1
874,8
875,6
876,6
877,4
878,5
879,5
880,8
881,2
882,10
883,4
884,2
885,8
886,2
887,4
888,1
889,4
890,1
891,1
892,4
893,6
894,1
895,1
896,1
897,5
898,6
899,2
900,6
901,8
902,2
903,2
904,8
905,8
906,4
907,6
908,8
909,1
910,4
911,7
912,9
913,10
914,1
915,1
916,5
917,1
918,4
919,4
920,1
921,5
922,1
923,1
924,1
925,4
926,3
927,1
928,6
929,9
930,1
931,2
932,1
933,2
934,2
935,4
936,1
937,2
938,5
939,4
940,7
941,5
942,1
943,5
944,9
945,2
946,1
947,9
948,10
949,2
950,2
951,2
952,8
953,1
954,6
955,5
956,6
957,1
958,6
959,1
960,1
961,2
962,2
963,3
964,1
965,6
966,8
967,9
968,6
969,5
970,2
971,4
972,9
973,1
974,9
975,3
976,3
977,6
978,2
979,6
980,2
981,2
982,1
983,1
984,4
985,7
986,1
987,4
988,10
989,4
990,3
991,3
992,1
993,6
994,1
995,4
996,6
997,9
998,5
999,3
1000,1
1001,1
1002,8
1003,5
1004,3
1005,2
1006,1
1007,1
1008,1
1009,1
1010,8
1011,1
1012,4
1013,7
1014,1
1015,9
1016,1
1017,1
1018,10
1019,1
1020,5
1021,1
1022,3
1023,1
1024,10
1025,10
1026,6
1027,8
1028,4
1029,1
1030,7
1031,3
1032,2
1033,1
1034,5
1035,7
1036,4
1037,3
1038,9
1039,1
1040,6
1041,6
1042,2
1043,2
1044,4
1045,5
1046,5
1047,1
1048,9
1049,6
1050,6
1051,1
1052,7
1053,4
1054,3
1055,1
1056,9
1057,5
1058,2
1059,10
1060,1
1061,5
1062,2
1063,1
1064,2
1065,9
1066,1
1067,5
1068,5
1069,1
1070,3
1071,6
1072,6
1073,5
1074,1
1075,4
1076,9
1077,7
1078,8
1079,5
1080,8
1081,2
1082,2
1083,1
1084,2
1085,1
1086,1
1087,1
1088,4
1089,7
1090,3
1091,1
1092,6
1093,7
1094,6
1095,4
1096,1
1097,2
1098,8
1099,1
1100,10
1101,7
1102,8
1103,7
1104,1
1105,2
1106,9
1107,4
1108,1
1109,2
1110,1
1111,10
1112,8
1113,6
1114,5
1115,8
1116,6
1117,3
1118,9
1119,8
1120,10
1121,4
1122,1
1123,2
1124,4
1125,10
1126,2
1127,1
1128,2
1129,5
1130,10
1131,4
1132,3
1133,10
1134,1
1135,8
1136,8
1137,6
1138,1
1139,6
1140,1
1141,1
1142,4
1143,1
1144,2
1145,2
1146,2
1147,7
1148,2
1149,4
1150,1
1151,2
1152,10
1153,1
1154,2
1155,2
1156,1
1157,10
1158,1
1159,1
1160,1
1161,2
1162,3
1163,8
1164,1
1165,4
1166,2
1167,2
1168,4
1169,7
1170,9
1171,7
1172,2
1173,6
1174,5
1175,2
1176,7
1177,9
1178,2
1179,1
1180,2
1181,8
1182,2
1183,8
1184,4
1185,10
1186,2
1187,8
1188,8
1189,8
1190,8
1191,1
1192,6
1193,1
1194,5
1195,1
1196,8
1197,3
1198,7
1199,3
1200,2
1201,4
1202,1
1203,3
1204,5
1205,1
1206,9
1207,8
1208,2
1209,4
1210,8
1211,9
1212,2
1213,1
1214,1
1215,5
1216,6
1217,6
1218,6
1219,1
1220,1
1221,1
1222,9
1223,6
1224,8
1225,6
1226,1
1227,2
1228,1
1229,1
1230,5
1231,5
1232,1
1233,2
1234,2
1235,6
1236,8
1237,8
1238,3
1239,2
1240,4
1241,2
1242,1
1243,6
1244,5
1245,1
1246,4
1247,1
1248,2
1249,6
1250,6
1251,4
1252,1
1253,2
1254,1
1255,9
1256,5
1257,9
1258,1
1259,2
1260,5
1261,8
1262,1
1263,1
1264,8
1265,8
1266,7
1267,1
1268,1
1269,4
1270,7
1271,5
1272,2
1273,1
1274,2
1275,6
1276,10
1277,2
1278,1
1279,4
1280,4
1281,8
1282,10
1283,9
1284,4
1285,7
1286,2
1287,6
1288,8
1289,6
1290,5
1291,8
1292,4
1293,2
1294,4
1295,2
1296,7
1297,1
1298,8
1299,3
1300,2
1301,5
1302,8
1303,6
1304,8
1305,1
1306,1
1307,6
1308,8
1309,1
1310,4
1311,3
1312,6
1313,6
1314,2
1315,6
1316,2
1317,3
1318,2
1319,5
1320,1
1321,4
1322,5
1323,7
1324,5
1325,2
1326,1
1327,7
1328,1
1329,7
1330,8
1331,4
1332,1
1333,5
1334,1
1335,7
1336,1
1337,2
1338,7
1339,2
1340,1
1341,7
1342,1
1343,1
1344,2
1345,9
1346,5
1347,4
1348,1
1349,1
1350,6
1351,1
1352,2
1353,8
1354,4
1355,10
1356,2
1357,8
1358,6
1359,4
1360,8
1361,4
1362,7
1363,9
1364,4
1365,6
1366,5
1367,1
1368,3
1369,2
1370,8
1371,7
1372,1
1373,9
1374,7
1375,6
1376,10
1377,1
1378,10
1379,4
1380,6
1381,1
1382,8
1383,5
1384,3
1385,5
1386,1
1387,3
1388,9
1389,1
1390,5
1391,9
1392,1
1393,5
1394,1
1395,1
1396,2
1397,9
1398,2
1399,3
1400,1
1401,2
1402,4
1403,6
1404,2
1405,5
1406,7
1407,9
1408,4
1409,9
1410,6
1411,4
1412,10
1413,2
1414,2
1415,7
1416,7
1417,6
1418,5
1419,5
1420,2
1421,2
1422,5
1423,4
1424,2
1425,2
1426,8
1427,6
1428,2
1429,9
1430,8
1431,1
1432,1
1433,1
1434,2
1435,7
1436,3
1437,2
1438,3
1439,3
1440,9
1441,1
1442,1
1443,1
1444,7
1445,1
1446,2
1447,9
1448,2
1449,1
1450,1
1451,4
1452,5
1453,1
1454,1
1455,7
1456,10
1457,1
1458,1
1459,6
1460,2
1461,2
1462,2
1463,1
1464,2
1465,3
1466,3
1467,1
1468,4
1469,10
1470,7
1471,2
1472,3
1473,1
1474,2
1475,2
1476,3
1477,2
1478,1
1479,4
1480,5
1481,3
1482,3
1483,8
1484,3
1485,1
1486,4
1487,8
1488,6
1489,1
1490,10
1491,1
1492,4
1493,5
1494,9
1495,1
1496,2
1497,1
1498,2
1499,1
1500,2
1501,9
1502,1
1503,10
1504,6
1505,1
1506,1
1507,1
1508,1
1509,7
1510,8
1511,7
1512,2
1513,1
1514,9
1515,1
1516,4
1517,7
1518,4
1519,5
1520,10
1521,8
1522,8
1523,8
1524,2
1525,4
1526,8
1527,1
1528,2
1529,6
1530,8
1531,7
1532,1
1533,2
1534,2
1535,1
1536,2
1537,6
1538,1
1539,6
1540,2
1541,1
1542,1
1543,1
1544,4
1545,2
1546,1
1547,1
1548,1
1549,1
1550,3
1551,7
1552,1
1553,1
1554,1
1555,1
1556,4
1557,2
1558,8
1559,1
1560,6
1561,1
1562,1
1563,7
1564,5
1565,3
1566,6
1567,1
1568,3
1569,8
1570,2
1571,2
1572,3
1573,10
1574,3
1575,5
1576,1
1577,9
1578,5
1579,4
1580,5
1581,2
1582,8
1583,2
1584,8
1585,3
1586,8
1587,3
1588,6
1589,5
1590,10
1591,3
1592,1
1593,3
1594,1
1595,3
1596,1
1597,1
1598,4
1599,3
1600,7
1601,3
1602,6
1603,8
1604,3
1605,1
1606,5
1607,8
1608,4
1609,1
1610,6
1611,6
1612,2
1613,7
1614,6
1615,10
1616,7
1617,7
1618,2
1619,1
1620,7
1621,1
1622,5
1623,2
1624,4
1625,2
1626,1
1627,1
1628,1
1629,3
1630,4
1631,3
1632,4
1633,3
1634,4
1635,1
1636,7
1637,1
1638,8
1639,1
1640,3
1641,1
1642,5
1643,5
1644,6
1645,6
1646,1
1647,2
1648,1
1649,6
1650,1
1651,6
1652,1
1653,6
1654,2
1655,8
1656,2
1657,7
1658,8
1659,9
1660,6
1661,2
1662,4
1663,5
1664,3
1665,7
1666,8
1667,1
1668,7
1669,7
1670,4
1671,1
1672,10
1673,8
1674,6
1675,1
1676,8
1677,2
1678,3
1679,6
1680,4
1681,8
1682,1
1683,8
1684,6
1685,7
1686,6
1687,8
1688,2
1689,1
1690,1
1691,3
1692,2
1693,5
1694,3
1695,8
1696,3
1697,2
1698,1
1699,1
1700,4
1701,1
1702,5
1703,1
1704,6
1705,1
1706,7
1707,2
1708,1
1709,3
1710,1
1711,8
1712,1
1713,3
1714,6
1715,1
1716,1
1717,8
1718,4
1719,3
1720,10
1721,2
1722,10
1723,6
1724,1
1725,1
1726,10
1727,1
1728,5
1729,1
1730,10
1731,8
1732,1
1733,8
1734,3
1735,7
1736,1
1737,5
1738,6
1739,1
1740,8
1741,5
1742,1
1743,2
1744,2
1745,2
1746,8
1747,7
1748,8
1749,6
1750,10
1751,5
1752,7
1753,9
1754,1
1755,10
1756,8
1757,5
1758,8
1759,8
1760,4
1761,1
1762,1
1763,1
1764,8
1765,2
1766,3
1767,8
1768,3
1769,1
1770,10
1771,1
1772,8
1773,2
1774,5
1775,9
1776,8
1777,1
1778,1
1779,8
1780,6
1781,2
1782,1
1783,6
1784,1
1785,9
1786,8
1787,9
1788,1
1789,8
1790,7
1791,1
1792,9
1793,3
1794,10
1795,7
1796,1
1797,1
1798,5
1799,3
1800,5
1801,1
1802,8
1803,2
1804,7
1805,1
1806,1
1807,10
1808,6
1809,10
1810,2
1811,5
1812,6
1813,4
1814,1
1815,4
1816,1
1817,1
1818,1
1819,3
1820,9
1821,1
1822,7
1823,1
1824,4
1825,4
1826,3
1827,10
1828,1
1829,9
1830,9
1831,5
1832,5
1833,10
1834,5
1835,2
1836,8
1837,8
1838,3
1839,1
1840,1
1841,1
1842,1
1843,8
1844,6
1845,1
1846,2
1847,5
1848,1
1849,5
1850,7
1851,1
1852,4
1853,1
1854,2
1855,9
1856,10
1857,1
1858,9
1859,2
1860,2
1861,2
1862,1
1863,4
1864,1
1865,2
1866,4
1867,8
1868,1
1869,5
1870,6
1871,1
1872,3
1873,1
1874,3
1875,9
1876,8
1877,10
1878,1
1879,1
1880,10
1881,1
1882,4
1883,3
1884,2
1885,1
1886,4
1887,1
1888,6
1889,2
1890,4
1891,1
1892,2
1893,4
1894,8
1895,6
1896,1
1897,1
1898,1
1899,5
1900,10
1901,8
1902,8
1903,4
1904,10
1905,2
1906,6
1907,2
1908,4
1909,1
1910,1
1911,4
1912,2
1913,1
1914,4
1915,2
1916,2
1917,7
1918,7
1919,8
1920,8
1921,1
1922,7
1923,1
1924,10
1925,2
1926,1
1927,3
1928,10
1929,6
1930,4
1931,8
1932,7
1933,2
1934,9
1935,2
1936,7
1937,3
1938,2
1939,7
1940,1
1941,8
1942,5
1943,7
1944,6
1945,1
1946,6
1947,1
1948,10
1949,3
1950,8
1951,9
1952,3
1953,2
1954,1
1955,8
1956,1
1957,1
1958,2
1959,1
1960,1
1961,2
1962,3
1963,8
1964,1
1965,8
1966,2
1967,3
1968,7
1969,7
1970,4
1971,1
1972,4
1973,8
1974,2
1975,1
1976,1
1977,5
1978,10
1979,6
1980,8
1981,6
1982,10
1983,1
1984,1
1985,2
1986,5
1987,7
1988,7
1989,1
1990,8
1991,10
1992,1
1993,1
1994,5
1995,3
1996,1
1997,7
1998,1
1999,6
2000,1
2001,7
2002,9
2003,2
2004,1
2005,3
2006,6
2007,10
2008,1
2009,3
2010,4
2011,5
2012,6
2013,2
2014,2
2015,3
2016,2
2017,1
2018,9
2019,3
2020,5
2021,1
2022,2
2023,1
2024,7
2025,1
2026,1
2027,4
2028,7
2029,10
2030,1
2031,8
2032,8
2033,1
2034,6
2035,1
2036,7
2037,9
2038,1
2039,8
2040,1
2041,8
2042,8
2043,1
2044,7
2045,2
2046,4
2047,3
2048,7
2049,2
2050,9
2051,8
2052,7
2053,7
2054,1
2055,1
2056,2
2057,7
2058,2
2059,7
2060,9
2061,2
2062,5
2063,1
2064,1
2065,2
2066,8
2067,1
2068,1
2069,8
2070,2
2071,5
2072,4
2073,6
2074,1
2075,1
2076,1
2077,3
2078,9
2079,1
2080,6
2081,8
2082,1
2083,4
2084,5
2085,3
2086,5
2087,7
2088,1
2089,2
2090,8
2091,7
2092,2
2093,10
2094,8
2095,1
2096,3
2097,6
2098,2
2099,2
2100,1
2101,2
2102,1
2103,2
2104,7
2105,2
2106,4
2107,9
2108,8
2109,1
2110,6
2111,1
2112,8
2113,1
2114,1
2115,3
2116,1
2117,1
2118,7
2119,1
2120,2
2121,1
2122,2
2123,5
2124,2
2125,1
2126,5
2127,1
2128,5
2129,4
2130,1
2131,1
2132,7
2133,2
2134,1
2135,7
2136,1
2137,6
2138,3
2139,1
2140,1
2141,2
2142,5
2143,2
2144,2
2145,1
2146,2
2147,2
2148,9
2149,2
2150,1
2151,1
2152,1
2153,5
2154,4
2155,5
2156,3
2157,4
2158,2
2159,7
2160,5
2161,6
2162,2
2163,4
2164,1
2165,1
2166,1
2167,4
2168,2
2169,7
2170,7
2171,1
2172,5
2173,1
2174,3
2175,1
2176,1
2177,1
2178,8
2179,3
2180,1
2181,10
2182,1
2183,1
2184,6
2185,10
2186,1
2187,8
2188,3
2189,1
2190,1
2191,2
2192,8
2193,4
2194,1
2195,6
2196,1
2197,4
2198,1
2199,2
2200,2
2201,4
2202,1
2203,1
2204,4
2205,6
2206,2
2207,10
2208,1
2209,1
2210,8
2211,2
2212,8
2213,7
2214,7
2215,6
2216,9
2217,6
2218,8
2219,5
2220,2
2221,3
2222,5
2223,4
2224,3
2225,2
2226,8
2227,1
2228,6
2229,1
2230,4
2231,5
2232,1
2233,4
2234,1
2235,1
2236,10
2237,1
2238,6
2239,2
2240,1
2241,1
2242,8
2243,1
2244,5
2245,7
2246,1
2247,2
2248,3
2249,1
2250,2
2251,1
2252,10
2253,3
2254,3
2255,5
2256,1
2257,2
2258,7
2259,8
2260,1
2261,1
2262,3
2263,1
2264,8
2265,1
2266,1
2267,1
2268,8
2269,10
2270,8
2271,7
2272,2
2273,1
2274,1
2275,3
2276,10
2277,4
2278,3
2279,5
2280,2
2281,4
2282,2
2283,1
2284,6
2285,7
2286,8
2287,8
2288,5
2289,7
2290,8
2291,1
2292,2
2293,8
2294,4
2295,2
2296,7
2297,9
2298,3
2299,10
2300,10
2301,3
2302,9
2303,6
2304,7
2305,9
2306,10
2307,10
2308,2
2309,2
2310,10
2311,1
2312,1
2313,1
2314,6
2315,4
2316,1
2317,2
2318,3
2319,1
2320,9
2321,8
2322,2
2323,1
2324,3
2325,1
2326,2
2327,1
2328,8
2329,1
2330,1
2331,7
2332,6
2333,10
2334,8
2335,3
2336,1
2337,5
2338,1
2339,4
2340,2
2341,1
2342,8
2343,1
2344,2
2345,1
2346,1
2347,6
2348,2
2349,8
2350,5
2351,2
2352,9
2353,4
2354,10
2355,6
2356,4
2357,1
2358,8
2359,6
2360,6
2361,1
2362,9
2363,1
2364,7
2365,1
2366,9
2367,1
2368,8
2369,3
2370,5
2371,4
2372,6
2373,1
2374,1
2375,4
2376,2
2377,1
2378,1
2379,8
2380,8
2381,4
2382,1
2383,10
2384,8
2385,4
2386,3
2387,6
2388,1
2389,4
2390,5
2391,2
2392,1
2393,7
2394,10
2395,1
2396,1
2397,1
2398,8
2399,3
2400,4
2401,7
2402,4
2403,1
2404,7
2405,2
2406,6
2407,8
2408,1
2409,6
2410,5
2411,1
2412,8
2413,5
2414,2
2415,6
2416,7
2417,2
2418,3
2419,2
2420,1
2421,4
2422,1
2423,7
2424,1
2425,8
2426,6
2427,5
2428,4
2429,3
2430,3
2431,1
2432,2
2433,5
2434,3
2435,1
2436,7
2437,1
2438,1
2439,1
2440,2
2441,1
2442,2
2443,6
2444,1
2445,6
2446,5
2447,1
2448,2
2449,2
2450,1
2451,3
2452,10
2453,7
2454,8
2455,8
2456,5
2457,2
2458,10
2459,1
2460,3
2461,1
2462,8
2463,2
2464,4
2465,5
2466,4
2467,3
2468,4
2469,1
2470,6
2471,1
2472,5
2473,2
2474,6
2475,4
2476,1
2477,7
2478,4
2479,7
2480,5
2481,7
2482,3
2483,1
2484,5
2485,2
2486,3
2487,10
2488,2
2489,3
2490,4
2491,1
2492,1
2493,1
2494,5
2495,8
2496,2
2497,3
2498,10
2499,1
2500,6
2501,10
2502,4
2503,7
2504,7
2505,2
2506,10
2507,1
2508,1
2509,2
2510,1
2511,3
2512,4
2513,5
2514,7
2515,2
2516,3
2517,1
2518,1
2519,4
2520,1
2521,1
2522,10
2523,7
2524,3
2525,8
2526,1
2527,10
2528,2
2529,1
2530,5
2531,1
2532,5
2533,6
2534,5
2535,3
2536,7
2537,8
2538,3
2539,1
2540,3
2541,7
2542,1
2543,1
2544,3
2545,10
2546,2
2547,2
2548,1
2549,2
2550,7
2551,4
2552,1
2553,1
2554,10
2555,2
2556,6
2557,1
2558,4
2559,5
2560,1
2561,10
2562,6
2563,1
2564,5
2565,1
2566,7
2567,6
2568,8
2569,2
2570,1
2571,2
2572,6
2573,9
2574,7
2575,1
2576,8
2577,8
2578,7
2579,1
2580,1
2581,5
2582,7
2583,1
2584,1
2585,6
2586,8
2587,5
2588,1
2589,2
2590,9
2591,8
2592,2
2593,8
2594,4
2595,6
2596,4
2597,7
2598,1
2599,1
2600,1
2601,4
2602,1
2603,1
2604,8
2605,1
2606,1
2607,1
2608,4
2609,4
2610,6
2611,2
2612,8
2613,2
2614,2
2615,8
2616,1
2617,2
2618,1
2619,10
2620,1
2621,1
2622,1
2623,2
2624,2
2625,5
2626,1
2627,1
2628,1
2629,5
2630,3
2631,1
2632,4
2633,7
2634,9
2635,6
2636,1
2637,7
2638,2
2639,9
2640,2
2641,5
2642,1
2643,1
2644,1
2645,1
2646,10
2647,1
2648,1
2649,7
2650,2
2651,1
2652,7
2653,1
2654,7
2655,4
2656,8
2657,6
2658,5
2659,1
2660,4
2661,3
2662,5
2663,1
2664,8
2665,7
2666,3
2667,4
2668,9
2669,2
2670,3
2671,7
2672,8
2673,6
2674,9
2675,6
2676,10
2677,5
2678,2
2679,1
2680,1
2681,5
2682,8
2683,4
2684,3
2685,1
2686,8
2687,4
2688,4
2689,10
2690,1
2691,2
2692,3
2693,3
2694,4
2695,1
2696,3
2697,4
2698,1
2699,1
2700,7
2701,2
2702,4
2703,7
2704,5
2705,7
2706,1
2707,10
2708,4
2709,3
2710,8
2711,2
2712,7
2713,1
2714,1
2715,6
2716,1
2717,2
2718,3
2719,5
2720,10
2721,2
2722,4
2723,1
2724,2
2725,2
2726,9
2727,1
2728,4
2729,8
2730,2
2731,5
2732,1
2733,5
2734,6
2735,4
2736,7
2737,5
2738,1
2739,8
2740,1
2741,4
2742,3
2743,1
2744,1
2745,3
2746,7
2747,1
2748,2
2749,2
2750,2
2751,1
2752,5
2753,4
2754,5
2755,3
2756,9
2757,9
2758,2
2759,5
2760,2
2761,1
2762,10
2763,4
2764,5
2765,6
2766,2
2767,1
2768,4
2769,10
2770,2
2771,8
2772,8
2773,1
2774,1
2775,1
2776,1
2777,7
2778,1
2779,4
2780,1
2781,1
2782,1
2783,2
2784,2
2785,10
2786,8
2787,7
2788,5
2789,9
2790,8
2791,6
2792,3
2793,7
2794,8
2795,8
2796,1
2797,9
2798,5
2799,1
2800,10
2801,6
2802,10
2803,9
2804,8
2805,4
2806,2
2807,1
2808,5
2809,9
2810,1
2811,4
2812,10
2813,6
2814,3
2815,5
2816,1
2817,10
2818,1
2819,6
2820,2
2821,1
2822,1
2823,2
2824,8
2825,1
2826,5
2827,1
2828,10
2829,4
2830,8
2831,6
2832,5
2833,2
2834,4
2835,7
2836,2
2837,2
2838,1
2839,7
2840,8
2841,8
2842,8
2843,8
2844,1
2845,7
2846,1
2847,9
2848,2
2849,6
2850,1
2851,2
2852,1
2853,8
2854,8
2855,8
2856,5
2857,1
2858,2
2859,1
2860,8
2861,8
2862,1
2863,1
2864,9
2865,10
2866,4
2867,6
2868,9
2869,4
2870,2
2871,8
2872,1
2873,1
2874,3
2875,2
2876,2
2877,4
2878,7
2879,2
2880,1
2881,8
2882,3
2883,2
2884,3
2885,2
2886,1
2887,7
2888,8
2889,4
2890,1
2891,10
2892,2
2893,1
2894,6
2895,9
2896,1
2897,7
2898,5
2899,2
2900,7
2901,8
2902,1
2903,1
2904,1
2905,8
2906,2
2907,4
2908,3
2909,3
2910,7
2911,2
2912,1
2913,9
2914,1
2915,2
2916,1
2917,2
2918,8
2919,4
2920,2
2921,1
2922,4
2923,1
2924,1
2925,3
2926,1
2927,5
2928,1
2929,4
2930,10
2931,7
2932,7
2933,2
2934,5
2935,3
2936,7
2937,1
2938,5
2939,3
2940,5
2941,2
2942,5
2943,8
2944,8
2945,3
2946,1
2947,5
2948,7
2949,5
2950,1
2951,7
2952,1
2953,1
2954,8
2955,4
2956,1
2957,1
2958,1
2959,2
2960,3
2961,4
2962,2
2963,6
2964,7
2965,3
2966,3
2967,6
2968,8
2969,3
2970,1
2971,1
2972,3
2973,1
2974,2
2975,3
2976,1
2977,7
2978,4
2979,3
2980,2
2981,2
2982,2
2983,2
2984,8
2985,10
2986,2
2987,6
2988,1
2989,4
2990,4
2991,8
2992,3
2993,3
2994,2
2995,7
2996,2
2997,8
2998,6
2999,8
3000,1
3001,10
3002,9
3003,3
3004,7
3005,6
3006,9
3007,1
3008,2
3009,1
3010,7
3011,4
3012,2
3013,10
3014,7
3015,7
3016,8
3017,8
3018,1
3019,8
3020,3
3021,3
3022,1
3023,2
3024,4
3025,2
3026,4
3027,2
3028,10
3029,1
3030,4
3031,1
3032,8
3033,10
3034,6
3035,7
3036,1
3037,2
3038,1
3039,2
3040,6
3041,2
3042,1
3043,4
3044,2
3045,1
3046,7
3047,2
3048,1
3049,9
3050,1
3051,6
3052,1
3053,3
3054,1
3055,4
3056,1
3057,4
3058,2
3059,10
3060,1
3061,10
3062,7
3063,6
3064,1
3065,2
3066,2
3067,2
3068,4
3069,1
3070,4
3071,1
3072,5
3073,7
3074,7
3075,6
3076,8
3077,4
3078,6
3079,1
3080,10
3081,2
3082,1
3083,3
3084,3
3085,3
3086,5
3087,2
3088,1
3089,8
3090,3
3091,8
3092,1
3093,7
3094,7
3095,1
3096,1
3097,2
3098,3
3099,5
3100,1
3101,10
3102,4
3103,1
3104,2
3105,1
3106,2
3107,1
3108,7
3109,5
3110,2
3111,1
3112,1
3113,1
3114,4
3115,6
3116,10
3117,3
3118,10
3119,1
3120,9
3121,8
3122,1
3123,1
3124,1
3125,2
3126,1
3127,7
3128,5
3129,9
3130,4
3131,3
3132,1
3133,4
3134,10
3135,1
3136,1
3137,5
3138,1
3139,9
3140,5
3141,1
3142,1
3143,1
3144,8
3145,7
3146,1
3147,1
3148,9
3149,8
3150,9
3151,1
3152,1
3153,5
3154,9
3155,1
3156,10
3157,3
3158,3
3159,7
3160,2
3161,8
3162,5
3163,8
3164,1
3165,5
3166,1
3167,2
3168,6
3169,1
3170,1
3171,4
3172,1
3173,7
3174,9
3175,9
3176,5
3177,2
3178,8
3179,2
3180,1
3181,8
3182,1
3183,1
3184,4
3185,5
3186,6
3187,7
3188,6
3189,6
3190,1
3191,6
3192,1
3193,8
3194,10
3195,2
3196,4
3197,8
3198,4
3199,1
3200,1
3201,6
3202,1
3203,6
3204,5
3205,10
3206,6
3207,6
3208,8
3209,2
3210,1
3211,9
3212,6
3213,2
3214,6
3215,6
3216,1
3217,3
3218,4
3219,1
3220,8
3221,1
3222,1
3223,7
3224,3
3225,8
3226,1
3227,7
3228,9
3229,1
3230,9
3231,6
3232,3
3233,4
3234,1
3235,1
3236,6
3237,5
3238,1
3239,10
3240,6
3241,1
3242,6
3243,7
3244,5
3245,3
3246,8
3247,1
3248,5
3249,2
3250,3
3251,1
3252,3
3253,2
3254,4
3255,5
3256,3
3257,1
3258,1
3259,7
3260,5
3261,2
3262,9
3263,1
3264,5
3265,2
3266,1
3267,4
3268,3
3269,8
3270,1
3271,5
3272,1
3273,1
3274,4
3275,7
3276,7
3277,2
3278,2
3279,8
3280,10
3281,2
3282,1
3283,1
3284,4
3285,1
3286,6
3287,6
3288,7
3289,7
3290,1
3291,7
3292,5
3293,2
3294,3
3295,8
3296,2
3297,2
3298,1
3299,5
3300,5
3301,1
3302,1
3303,5
3304,2
3305,9
3306,6
3307,1
3308,6
3309,2
3310,8
3311,7
3312,1
3313,8
3314,5
3315,2
3316,1
3317,1
3318,7
3319,1
3320,2
3321,8
3322,1
3323,1
3324,8
3325,3
3326,1
3327,1
3328,1
3329,2
3330,1
3331,8
3332,3
3333,1
3334,10
3335,5
3336,1
3337,2
3338,2
3339,1
3340,1
3341,1
3342,1
3343,5
3344,5
3345,8
3346,3
3347,4
3348,1
3349,2
3350,1
3351,1
3352,3
3353,6
3354,8
3355,1
3356,3
3357,9
3358,1
3359,2
3360,1
3361,5
3362,3
3363,1
3364,1
3365,8
3366,10
3367,8
3368,2
3369,4
3370,2
3371,8
3372,2
3373,6
3374,3
3375,5
3376,6
3377,1
3378,8
3379,3
3380,1
3381,1
3382,2
3383,10
3384,7
3385,3
3386,10
3387,1
3388,1
3389,6
3390,1
3391,1
3392,6
3393,1
3394,9
3395,7
3396,8
3397,9
3398,1
3399,3
3400,4
3401,6
3402,1
3403,2
3404,8
3405,1
3406,1
3407,1
3408,1
3409,6
3410,1
3411,4
3412,6
3413,1
3414,3
3415,1
3416,3
3417,2
3418,7
3419,1
3420,6
3421,2
3422,8
3423,1
3424,1
3425,9
3426,1
3427,7
3428,1
3429,9
3430,2
3431,6
3432,1
3433,2
3434,7
3435,1
3436,5
3437,6
3438,1
3439,1
3440,3
3441,3
3442,3
3443,1
3444,1
3445,3
3446,1
3447,2
3448,1
3449,1
3450,6
3451,1
3452,2
3453,3
3454,6
3455,1
3456,1
3457,5
3458,1
3459,7
3460,2
3461,4
3462,2
3463,4
3464,5
3465,1
3466,1
3467,6
3468,6
3469,4
3470,4
3471,7
3472,8
3473,1
3474,6
3475,2
3476,3
3477,1
3478,4
3479,3
3480,2
3481,1
3482,7
3483,8
3484,6
3485,3
3486,1
3487,1
3488,7
3489,2
3490,6
3491,1
3492,5
3493,4
3494,2
3495,1
3496,1
3497,1
3498,3
3499,6
3500,4
3501,5
3502,5
3503,4
3504,2
3505,10
3506,1
3507,2
3508,8
3509,1
3510,2
3511,1
3512,8
3513,3
3514,6
3515,1
3516,9
3517,2
3518,3
3519,2
3520,1
3521,2
3522,2
3523,1
3524,1
3525,8
3526,8
3527,1
3528,2
3529,1
3530,2
3531,5
3532,10
3533,8
3534,10
3535,8
3536,2
3537,10
3538,7
3539,4
3540,1
3541,2
3542,4
3543,3
3544,4
3545,1
3546,4
3547,1
3548,1
3549,2
3550,7
3551,1
3552,2
3553,9
3554,6
3555,1
3556,1
3557,7
3558,1
3559,8
3560,6
3561,5
3562,4
3563,10
3564,5
3565,5
3566,1
3567,4
3568,2
3569,2
3570,4
3571,8
3572,7
3573,8
3574,7
3575,2
3576,8
3577,9
3578,7
3579,7
3580,10
3581,10
3582,3
3583,4
3584,4
3585,2
3586,5
3587,2
3588,10
3589,9
3590,1
3591,1
3592,2
3593,1
3594,4
3595,10
3596,1
3597,3
3598,2
3599,2
3600,5
3601,3
3602,1
3603,10
3604,4
3605,2
3606,1
3607,5
3608,2
3609,2
3610,10
3611,4
3612,1
3613,5
3614,4
3615,4
3616,1
3617,1
3618,5
3619,9
3620,5
3621,1
3622,10
3623,6
3624,7
3625,1
3626,6
3627,1
3628,7
3629,6
3630,5
3631,6
3632,2
3633,1
3634,1
3635,1
3636,10
3637,2
3638,8
3639,2
3640,2
3641,1
3642,7
3643,7
3644,5
3645,7
3646,3
3647,10
3648,1
3649,1
3650,6
3651,1
3652,1
3653,1
3654,2
3655,1
3656,3
3657,1
3658,2
3659,3
3660,2
3661,2
3662,5
3663,3
3664,7
3665,3
3666,1
3667,8
3668,10
3669,8
3670,3
3671,1
3672,1
3673,2
3674,3
3675,1
3676,7
3677,4
3678,6
3679,2
3680,5
3681,8
3682,3
3683,2
3684,10
3685,2
3686,5
3687,1
3688,2
3689,10
3690,10
3691,3
3692,2
3693,6
3694,1
3695,7
3696,3
3697,3
3698,1
3699,8
3700,1
3701,10
3702,1
3703,1
3704,8
3705,10
3706,10
3707,6
3708,8
3709,7
3710,2
3711,10
3712,3
3713,2
3714,7
3715,6
3716,8
3717,5
3718,1
3719,2
3720,1
3721,1
3722,9
3723,1
3724,7
3725,8
3726,2
3727,3
3728,5
3729,1
3730,1
3731,1
3732,2
3733,1
3734,1
3735,7
3736,10
3737,6
3738,1
3739,1
3740,9
3741,8
3742,1
3743,2
3744,1
3745,8
3746,10
3747,2
3748,2
3749,1
3750,6
3751,1
3752,2
3753,1
3754,2
3755,1
3756,2
3757,1
3758,8
3759,1
3760,2
3761,2
3762,1
3763,5
3764,9
3765,2
3766,3
3767,8
3768,3
3769,3
3770,1
3771,1
3772,1
3773,7
3774,3
3775,10
3776,1
3777,10
3778,8
3779,7
3780,4
3781,1
3782,1
3783,10
3784,1
3785,8
3786,8
3787,1
3788,2
3789,9
3790,7
3791,1
3792,1
3793,8
3794,5
3795,1
3796,8
3797,4
3798,10
3799,1
3800,9
3801,1
3802,1
3803,2
3804,1
3805,1
3806,1
3807,3
3808,8
3809,9
3810,3
3811,10
3812,2
3813,2
3814,4
3815,2
3816,3
3817,10
3818,10
3819,1
3820,2
3821,1
3822,8
3823,1
3824,2
3825,1
3826,6
3827,4
3828,1
3829,8
3830,2
3831,1
3832,8
3833,9
3834,5
3835,1
3836,5
3837,8
3838,7
3839,4
3840,6
3841,2
3842,2
3843,1
3844,5
3845,6
3846,4
3847,5
3848,7
3849,5
3850,2
3851,7
3852,1
3853,7
3854,6
3855,9
3856,1
3857,2
3858,2
3859,6
3860,1
3861,5
3862,9
3863,1
3864,5
3865,4
3866,1
3867,1
3868,2
3869,3
3870,2
3871,1
3872,2
3873,10
3874,2
3875,10
3876,2
3877,8
3878,8
3879,2
3880,1
3881,6
3882,1
3883,3
3884,9
3885,8
3886,1
3887,1
3888,2
3889,9
3890,1
3891,6
3892,1
3893,3
3894,2
3895,8
3896,5
3897,6
3898,7
3899,2
3900,2
3901,10
3902,8
3903,8
3904,9
3905,2
3906,4
3907,1
3908,2
3909,5
3910,1
3911,4
3912,4
3913,1
3914,6
3915,2
3916,4
3917,6
3918,2
3919,2
3920,3
3921,4
3922,10
3923,4
3924,1
3925,2
3926,2
3927,7
3928,1
3929,2
3930,10
3931,4
3932,3
3933,2
3934,3
3935,1
3936,2
3937,1
3938,10
3939,5
3940,5
3941,1
3942,9
3943,2
3944,1
3945,10
3946,5
3947,6
3948,8
3949,1
3950,2
3951,7
3952,7
3953,3
3954,3
3955,1
3956,1
3957,5
3958,8
3959,7
3960,8
3961,10
3962,4
3963,7
3964,1
3965,8
3966,1
3967,5
3968,2
3969,10
3970,1
3971,5
3972,5
3973,7
3974,1
3975,1
3976,1
3977,1
3978,1
3979,8
3980,4
3981,1
3982,5
3983,7
3984,3
3985,5
3986,1
3987,4
3988,2
3989,8
3990,8
3991,2
3992,5
3993,3
3994,1
3995,3
3996,1
3997,1
3998,5
3999,1
4000,3
4001,1
4002,10
4003,1
4004,6
4005,6
4006,1
4007,7
4008,7
4009,4
4010,1
4011,1
4012,1
4013,2
4014,10
4015,1
4016,2
4017,1
4018,8
4019,4
4020,5
4021,10
4022,7
4023,10
4024,6
4025,8
4026,1
4027,4
4028,1
4029,3
4030,5
4031,4
4032,8
4033,1
4034,1
4035,1
4036,1
4037,8
4038,7
4039,2
4040,1
4041,3
4042,1
4043,3
4044,5
4045,2
4046,9
4047,8
4048,1
4049,3
4050,1
4051,2
4052,1
4053,5
4054,1
4055,2
4056,1
4057,4
4058,1
4059,9
4060,2
4061,6
4062,4
4063,2
4064,7
4065,1
4066,4
4067,1
4068,6
4069,1
4070,8
4071,8
4072,3
4073,5
4074,4
4075,5
4076,7
4077,4
4078,3
4079,3
4080,8
4081,5
4082,4
4083,8
4084,1
4085,4
4086,6
4087,2
4088,6
4089,1
4090,3
4091,6
4092,8
4093,1
4094,10
4095,3
4096,2
4097,5
4098,9
4099,2
4100,10
4101,1
4102,4
4103,9
4104,9
4105,8
4106,2
4107,1
4108,4
4109,3
4110,2
4111,1
4112,4
4113,1
4114,2
4115,2
4116,1
4117,8
4118,8
4119,2
4120,9
4121,6
4122,1
4123,3
4124,8
4125,6
4126,6
4127,4
4128,1
4129,3
4130,6
4131,2
4132,1
4133,9
4134,7
4135,2
4136,8
4137,1
4138,8
4139,1
4140,8
4141,3
4142,7
4143,6
4144,4
4145,10
4146,3
4147,5
4148,2
4149,5
4150,3
4151,2
4152,5
4153,7
4154,7
4155,3
4156,2
4157,3
4158,2
4159,4
4160,7
4161,2
4162,3
4163,1
4164,1
4165,2
4166,6
4167,8
4168,2
4169,2
4170,1
4171,2
4172,7
4173,1
4174,1
4175,10
4176,2
4177,2
4178,10
4179,4
4180,1
4181,3
4182,8
4183,9
4184,3
4185,8
4186,4
4187,1
4188,1
4189,2
4190,8
4191,3
4192,4
4193,1
4194,8
4195,5
4196,7
4197,10
4198,3
4199,1
4200,5
4201,6
4202,8
4203,5
4204,1
4205,10
4206,8
4207,7
4208,2
4209,1
4210,8
4211,3
4212,8
4213,6
4214,2
4215,1
4216,1
4217,2
4218,1
4219,8
4220,10
4221,5
4222,6
4223,1
4224,3
4225,3
4226,1
4227,6
4228,1
4229,1
4230,1
4231,4
4232,2
4233,10
4234,8
4235,1
4236,7
4237,2
4238,3
4239,1
4240,5
4241,8
4242,1
4243,2
4244,1
4245,1
4246,3
4247,1
4248,1
4249,2
4250,1
4251,10
4252,2
4253,8
4254,7
4255,2
4256,1
4257,5
4258,3
4259,5
4260,2
4261,2
4262,10
4263,1
4264,6
4265,6
4266,1
4267,5
4268,2
4269,4
4270,4
4271,1
4272,9
4273,1
4274,9
4275,3
4276,7
4277,6
4278,6
4279,1
4280,7
4281,5
4282,8
4283,10
4284,1
4285,10
4286,2
4287,8
4288,2
4289,1
4290,8
4291,1
4292,1
4293,4
4294,1
4295,3
4296,1
4297,2
4298,4
4299,3
4300,1
4301,2
4302,1
4303,8
4304,8
4305,7
4306,10
4307,1
4308,6
4309,4
4310,2
4311,1
4312,10
4313,1
4314,1
4315,2
4316,10
4317,7
4318,10
4319,10
4320,1
4321,1
4322,1
4323,2
4324,8
4325,7
4326,6
4327,2
4328,2
4329,1
4330,10
4331,3
4332,9
4333,1
4334,1
4335,9
4336,5
4337,1
4338,9
4339,2
4340,2
4341,1
4342,6
4343,5
4344,8
4345,4
4346,10
4347,1
4348,7
4349,9
4350,5
4351,1
4352,8
4353,6
4354,1
4355,2
4356,1
4357,1
4358,8
4359,1
4360,8
4361,4
4362,1
4363,5
4364,1
4365,5
4366,2
4367,6
4368,3
4369,9
4370,8
4371,10
4372,7
4373,3
4374,4
4375,2
4376,6
4377,4
4378,10
4379,8
4380,5
4381,5
4382,1
4383,4
4384,1
4385,1
4386,8
4387,4
4388,1
4389,1
4390,8
4391,1
4392,7
4393,3
4394,1
4395,1
4396,8
4397,5
4398,6
4399,5
4400,2
4401,1
4402,7
4403,1
4404,1
4405,2
4406,6
4407,10
4408,1
4409,1
4410,2
4411,1
4412,1
4413,1
4414,4
4415,2
4416,8
4417,3
4418,10
4419,7
4420,5
4421,3
4422,10
4423,2
4424,8
4425,1
4426,1
4427,3
4428,2
4429,3
4430,10
4431,2
4432,1
4433,1
4434,3
4435,6
4436,5
4437,1
4438,8
4439,2
4440,1
4441,1
4442,7
4443,10
4444,5
4445,10
4446,5
4447,10
4448,5
4449,1
4450,1
4451,4
4452,6
4453,7
4454,5
4455,1
4456,2
4457,2
4458,4
4459,6
4460,1
4461,8
4462,7
4463,6
4464,2
4465,6
4466,5
4467,10
4468,10
4469,9
4470,3
4471,4
4472,1
4473,2
4474,2
4475,3
4476,1
4477,1
4478,3
4479,1
4480,5
4481,7
4482,8
4483,6
4484,10
4485,6
4486,9
4487,1
4488,1
4489,1
4490,2
4491,1
4492,5
4493,1
4494,7
4495,1
4496,1
4497,1
4498,5
4499,1
4500,2
4501,1
4502,5
4503,6
4504,8
4505,1
4506,2
4507,2
4508,7
4509,1
4510,1
4511,2
4512,5
4513,9
4514,4
4515,7
4516,2
4517,1
4518,9
4519,1
4520,9
4521,1
4522,5
4523,2
4524,4
4525,1
4526,6
4527,5
4528,5
4529,2
4530,2
4531,5
4532,2
4533,2
4534,4
4535,7
4536,1
4537,2
4538,5
4539,4
4540,3
4541,6
4542,2
4543,2
4544,1
4545,2
4546,1
4547,2
4548,2
4549,7
4550,5
4551,1
4552,4
4553,1
4554,8
4555,2
4556,2
4557,1
4558,8
4559,4
4560,1
4561,10
4562,1
4563,10
4564,8
4565,1
4566,1
4567,7
4568,2
4569,7
4570,2
4571,1
4572,1
4573,10
4574,1
4575,3
4576,3
4577,1
4578,1
4579,8
4580,1
4581,1
4582,10
4583,10
4584,7
4585,7
4586,5
4587,4
4588,1
4589,2
4590,4
4591,10
4592,1
4593,6
4594,1
4595,2
4596,4
4597,2
4598,2
4599,3
4600,2
4601,2
4602,1
4603,6
4604,5
4605,5
4606,2
4607,1
4608,8
4609,1
4610,2
4611,5
4612,8
4613,8
4614,1
4615,1
4616,1
4617,2
4618,6
4619,1
4620,3
4621,1
4622,3
4623,8
4624,1
4625,3
4626,7
4627,1
4628,7
4629,2
4630,1
4631,6
4632,7
4633,6
4634,7
4635,7
4636,8
4637,5
4638,2
4639,1
4640,9
4641,8
4642,1
4643,9
4644,8
4645,1
4646,1
4647,1
4648,2
4649,5
4650,9
4651,4
4652,1
4653,5
4654,5
4655,4
4656,7
4657,7
4658,1
4659,2
4660,2
4661,2
4662,2
4663,9
4664,6
4665,10
4666,8
4667,7
4668,1
4669,4
4670,7
4671,1
4672,1
4673,6
4674,8
4675,1
4676,2
4677,3
4678,4
4679,7
4680,6
4681,3
4682,6
4683,1
4684,1
4685,1
4686,2
4687,1
4688,4
4689,1
4690,2
4691,7
4692,6
4693,2
4694,3
4695,1
4696,2
4697,4
4698,5
4699,6
4700,1
4701,2
4702,1
4703,5
4704,7
4705,10
4706,6
4707,2
4708,3
4709,6
4710,2
4711,1
4712,4
4713,5
4714,1
4715,8
4716,8
4717,1
4718,6
4719,6
4720,1
4721,2
4722,1
4723,10
4724,1
4725,8
4726,7
4727,1
4728,2
4729,9
4730,8
4731,7
4732,2
4733,1
4734,1
4735,1
4736,8
4737,10
4738,5
4739,5
4740,1
4741,4
4742,1
4743,6
4744,6
4745,5
4746,6
4747,1
4748,8
4749,1
4750,1
4751,8
4752,6
4753,1
4754,2
4755,7
4756,8
4757,6
4758,1
4759,2
4760,10
4761,7
4762,1
4763,10
4764,3
4765,7
4766,1
4767,6
4768,1
4769,10
4770,7
4771,2
4772,5
4773,5
4774,4
4775,1
4776,4
4777,8
4778,1
4779,7
4780,5
4781,5
4782,1
4783,10
4784,1
4785,3
4786,1
4787,5
4788,4
4789,1
4790,8
4791,6
4792,8
4793,8
4794,10
4795,4
4796,2
4797,3
4798,6
4799,9
4800,10
4801,5
4802,8
4803,1
4804,5
4805,8
4806,6
4807,1
4808,1
4809,2
4810,1
4811,1
4812,10
4813,1
4814,7
4815,9
4816,8
4817,2
4818,5
4819,5
4820,1
4821,10
4822,3
4823,5
4824,5
4825,1
4826,1
4827,5
4828,8
4829,8
4830,1
4831,8
4832,8
4833,8
4834,1
4835,1
4836,6
4837,2
4838,3
4839,2
4840,1
4841,4
4842,1
4843,9
4844,1
4845,8
4846,2
4847,2
4848,1
4849,1
4850,1
4851,10
4852,7
4853,3
4854,5
4855,1
4856,5
4857,1
4858,4
4859,1
4860,2
4861,1
4862,2
4863,8
4864,1
4865,10
4866,5
4867,3
4868,2
4869,2
4870,10
4871,8
4872,3
4873,3
4874,1
4875,4
4876,5
4877,6
4878,6
4879,8
4880,2
4881,1
4882,1
4883,1
4884,4
4885,6
4886,2
4887,2
4888,6
4889,1
4890,3
4891,7
4892,6
4893,1
4894,1
4895,1
4896,10
4897,10
4898,1
4899,9
4900,1
4901,10
4902,1
4903,8
4904,1
4905,10
4906,1
4907,2
4908,1
4909,2
4910,1
4911,1
4912,1
4913,7
4914,4
4915,1
4916,2
4917,3
4918,1
4919,3
4920,1
4921,2
4922,2
4923,1
4924,1
4925,5
4926,1
4927,4
4928,10
4929,2
4930,2
4931,6
4932,1
4933,1
4934,1
4935,4
4936,6
4937,1
4938,1
4939,8
4940,2
4941,7
4942,1
4943,2
4944,10
4945,5
4946,1
4947,5
4948,10
4949,7
4950,5
4951,6
4952,1
4953,1
4954,1
4955,2
4956,10
4957,10
4958,1
4959,2
4960,7
4961,6
4962,2
4963,2
4964,4
4965,8
4966,1
4967,6
4968,8
4969,10
4970,4
4971,3
4972,8
4973,1
4974,6
4975,8
4976,3
4977,1
4978,1
4979,5
4980,1
4981,4
4982,1
4983,10
4984,5
4985,8
4986,5
4987,1
4988,4
4989,1
4990,5
4991,5
4992,1
4993,6
4994,1
4995,2
4996,7
4997,4
4998,7
4999,1
5000,2
5001,1
5002,1
5003,8
5004,3
5005,4
5006,8
5007,4
5008,10
5009,1
5010,5
5011,7
5012,5
5013,3
5014,1
5015,2
5016,2
5017,5
5018,4
5019,6
5020,5
5021,1
5022,1
5023,6
5024,2
5025,1
5026,8
5027,1
5028,4
5029,3
5030,1
5031,1
5032,10
5033,7
5034,2
5035,4
5036,1
5037,1
5038,2
5039,2
5040,1
5041,6
5042,4
5043,3
5044,1
5045,10
5046,1
5047,7
5048,10
5049,4
5050,7
5051,4
5052,3
5053,1
5054,1
5055,2
5056,8
5057,2
5058,8
5059,9
5060,1
5061,7
5062,5
5063,5
5064,2
5065,4
5066,4
5067,9
5068,2
5069,1
5070,1
5071,8
5072,7
5073,4
5074,2
5075,1
5076,1
5077,2
5078,2
5079,10
5080,2
5081,8
5082,10
5083,2
5084,5
5085,8
5086,2
5087,9
5088,2
5089,5
5090,7
5091,7
5092,2
5093,3
5094,3
5095,1
5096,4
5097,7
5098,9
5099,1
5100,2
5101,1
5102,3
5103,10
5104,8
5105,4
5106,10
5107,1
5108,5
5109,1
5110,2
5111,4
5112,3
5113,4
5114,3
5115,2
5116,4
5117,4
5118,2
5119,2
5120,1
5121,7
5122,7
5123,1
5124,1
5125,6
5126,8
5127,1
5128,1
5129,2
5130,2
5131,4
5132,1
5133,3
5134,1
5135,1
5136,1
5137,2
5138,1
5139,2
5140,3
5141,1
5142,1
5143,7
5144,8
5145,3
5146,5
5147,1
5148,6
5149,3
5150,2
5151,7
5152,6
5153,2
5154,6
5155,3
5156,8
5157,9
5158,1
5159,1
5160,5
5161,5
5162,2
5163,1
5164,8
5165,2
5166,1
5167,1
5168,1
5169,3
5170,6
5171,1
5172,10
5173,1
5174,1
5175,5
5176,9
5177,6
5178,10
5179,10
5180,8
5181,6
5182,2
5183,1
5184,9
5185,3
5186,8
5187,6
5188,4
5189,2
5190,8
5191,10
5192,10
5193,9
5194,8
5195,8
5196,3
5197,5
5198,8
5199,10
5200,1
5201,1
5202,2
5203,8
5204,2
5205,3
5206,2
5207,1
5208,2
5209,3
5210,1
5211,8
5212,5
5213,5
5214,1
5215,2
5216,8
5217,1
5218,2
5219,8
5220,4
5221,6
5222,5
5223,6
5224,8
5225,6
5226,5
5227,1
5228,2
5229,2
5230,2
5231,1
5232,5
5233,2
5234,8
5235,2
5236,3
5237,1
5238,3
5239,1
5240,8
5241,6
5242,8
5243,1
5244,1
5245,8
5246,4
5247,8
5248,8
5249,6
5250,7
5251,2
5252,1
5253,1
5254,1
5255,1
5256,1
5257,2
5258,7
5259,6
5260,4
5261,1
5262,6
5263,4
5264,6
5265,3
5266,3
5267,6
5268,1
5269,2
5270,2
5271,1
5272,3
5273,1
5274,1
5275,4
5276,2
5277,1
5278,5
5279,8
5280,9
5281,6
5282,5
5283,7
5284,10
5285,8
5286,2
5287,3
5288,5
5289,2
5290,9
5291,7
5292,3
5293,1
5294,6
5295,8
5296,4
5297,8
5298,5
5299,1
5300,5
5301,8
5302,1
5303,2
5304,3
5305,5
5306,1
5307,7
5308,9
5309,1
5310,3
5311,6
5312,4
5313,5
5314,8
5315,8
5316,5
5317,8
5318,5
5319,2
5320,1
5321,3
5322,1
5323,10
5324,1
5325,4
5326,6
5327,1
5328,1
5329,1
5330,10
5331,4
5332,1
5333,9
5334,2
5335,1
5336,1
5337,9
5338,5
5339,8
5340,1
5341,3
5342,6
5343,3
5344,5
5345,8
5346,1
5347,5
5348,3
5349,6
5350,5
5351,1
5352,6
5353,7
5354,2
5355,1
5356,1
5357,2
5358,6
5359,7
5360,8
5361,3
5362,2
5363,5
5364,1
5365,1
5366,10
5367,1
5368,2
5369,5
5370,5
5371,2
5372,8
5373,2
5374,5
5375,4
5376,8
5377,8
5378,2
5379,2
5380,1
5381,7
5382,5
5383,9
5384,4
5385,7
5386,2
5387,5
5388,9
5389,10
5390,5
5391,2
5392,2
5393,3
5394,6
5395,3
5396,7
5397,1
5398,3
5399,2
5400,7
5401,7
5402,9
5403,6
5404,5
5405,10
5406,3
5407,4
5408,2
5409,1
5410,2
5411,5
5412,1
5413,3
5414,1
5415,7
5416,7
5417,2
5418,5
5419,6
5420,1
5421,1
5422,3
5423,1
5424,1
5425,1
5426,10
5427,3
5428,8
5429,6
5430,1
5431,5
5432,4
5433,1
5434,10
5435,6
5436,1
5437,8
5438,9
5439,9
5440,10
5441,1
5442,4
5443,6
5444,9
5445,5
5446,8
5447,3
5448,1
5449,7
5450,1
5451,1
5452,6
5453,6
5454,1
5455,10
5456,3
5457,8
5458,9
5459,3
5460,7
5461,10
5462,5
5463,5
5464,1
5465,9
5466,1
5467,6
5468,10
5469,1
5470,10
5471,1
5472,1
5473,1
5474,6
5475,3
5476,2
5477,7
5478,9
5479,1
5480,7
5481,3
5482,2
5483,7
5484,1
5485,7
5486,1
5487,5
5488,2
5489,1
5490,10
5491,1
5492,10
5493,6
5494,1
5495,9
5496,1
5497,8
5498,1
5499,2
5500,1
5501,6
5502,5
5503,1
5504,2
5505,9
5506,7
5507,1
5508,7
5509,4
5510,1
5511,5
5512,7
5513,4
5514,2
5515,2
5516,7
5517,6
5518,2
5519,8
5520,3
5521,1
5522,1
5523,3
5524,2
5525,3
5526,1
5527,4
5528,1
5529,3
5530,4
5531,1
5532,4
5533,2
5534,8
5535,3
5536,8
5537,2
5538,3
5539,1
5540,4
5541,10
5542,5
5543,6
5544,9
5545,2
5546,3
5547,2
5548,2
5549,1
5550,10
5551,3
5552,1
5553,9
5554,5
5555,6
5556,5
5557,2
5558,6
5559,4
5560,2
5561,5
5562,1
5563,1
5564,7
5565,1
5566,2
5567,7
5568,3
5569,7
5570,1
5571,1
5572,1
5573,1
5574,7
5575,1
5576,2
5577,7
5578,9
5579,2
5580,1
5581,1
5582,1
5583,6
5584,1
5585,6
5586,10
5587,2
5588,2
5589,5
5590,3
5591,6
5592,8
5593,3
5594,9
5595,4
5596,1
5597,8
5598,1
5599,8
5600,8
5601,7
5602,1
5603,3
5604,10
5605,1
5606,1
5607,1
5608,8
5609,8
5610,1
5611,10
5612,3
5613,1
5614,10
5615,2
5616,1
5617,6
5618,3
5619,7
5620,10
5621,2
5622,2
5623,1
5624,1
5625,1
5626,1
5627,8
5628,1
5629,1
5630,1
5631,5
5632,6
5633,10
5634,4
5635,4
5636,1
5637,9
5638,7
5639,3
5640,1
5641,2
5642,5
5643,10
5644,6
5645,1
5646,9
5647,5
5648,3
5649,1
5650,7
5651,6
5652,1
5653,6
5654,8
5655,8
5656,2
5657,7
5658,5
5659,7
5660,1
5661,5
5662,1
5663,1
5664,8
5665,1
5666,6
5667,3
5668,2
5669,1
5670,8
5671,8
5672,1
5673,8
5674,4
5675,1
5676,5
5677,4
5678,7
5679,1
5680,2
5681,1
5682,1
5683,9
5684,1
5685,10
5686,4
5687,1
5688,2
5689,5
5690,1
5691,1
5692,3
5693,2
5694,8
5695,9
5696,9
5697,2
5698,7
5699,3
5700,6
5701,6
5702,1
5703,3
5704,1
5705,1
5706,4
5707,2
5708,8
5709,9
5710,5
5711,1
5712,8
5713,8
5714,10
5715,3
5716,1
5717,3
5718,2
5719,1
5720,3
5721,4
5722,2
5723,4
5724,9
5725,6
5726,8
5727,1
5728,7
5729,2
5730,1
5731,5
5732,3
5733,4
5734,2
5735,7
5736,4
5737,1
5738,1
5739,8
5740,1
5741,4
5742,8
5743,1
5744,1
5745,7
5746,1
5747,4
5748,4
5749,7
5750,3
5751,1
5752,4
5753,8
5754,7
5755,4
5756,6
5757,5
5758,2
5759,6
5760,10
5761,6
5762,4
5763,3
5764,2
5765,1
5766,10
5767,1
5768,2
5769,3
5770,9
5771,2
5772,1
5773,10
5774,1
5775,6
5776,8
5777,6
5778,8
5779,2
5780,1
5781,2
5782,10
5783,9
5784,9
5785,1
5786,1
5787,2
5788,2
5789,2
5790,2
5791,5
5792,5
5793,10
5794,1
5795,6
5796,5
5797,10
5798,1
5799,10
5800,6
5801,6
5802,5
5803,5
5804,8
5805,8
5806,1
5807,3
5808,1
5809,9
5810,5
5811,2
5812,10
5813,10
5814,2
5815,5
5816,6
5817,1
5818,10
5819,1
5820,2
5821,4
5822,7
5823,2
5824,8
5825,7
5826,3
5827,5
5828,2
5829,1
5830,3
5831,5
5832,2
5833,10
5834,2
5835,2
5836,1
5837,1
5838,5
5839,8
5840,2
5841,1
5842,6
5843,1
5844,9
5845,3
5846,3
5847,3
5848,1
5849,1
5850,6
5851,1
5852,1
5853,8
5854,8
5855,4
5856,5
5857,2
5858,2
5859,1
5860,7
5861,9
5862,5
5863,1
5864,3
5865,6
5866,7
5867,3
5868,6
5869,7
5870,1
5871,1
5872,1
5873,9
5874,6
5875,9
5876,1
5877,8
5878,4
5879,2
5880,2
5881,1
5882,2
5883,1
5884,2
5885,1
5886,3
5887,6
5888,1
5889,1
5890,9
5891,1
5892,1
5893,9
5894,1
5895,2
5896,6
5897,3
5898,8
5899,3
5900,8
5901,8
5902,3
5903,7
5904,5
5905,1
5906,4
5907,4
5908,1
5909,3
5910,9
5911,1
5912,7
5913,1
5914,8
5915,5
5916,8
5917,10
5918,7
5919,7
5920,3
5921,4
5922,2
5923,3
5924,6
5925,5
5926,7
5927,2
5928,1
5929,4
5930,3
5931,6
5932,4
5933,1
5934,1
5935,1
5936,4
5937,1
5938,6
5939,2
5940,9
5941,4
5942,10
5943,2
5944,1
5945,4
5946,1
5947,2
5948,8
5949,1
5950,9
5951,2
5952,1
5953,2
5954,3
5955,10
5956,3
5957,8
5958,1
5959,8
5960,2
5961,1
5962,10
5963,2
5964,2
5965,1
5966,1
5967,10
5968,1
5969,1
5970,5
5971,1
5972,9
5973,4
5974,4
5975,2
5976,8
5977,1
5978,2
5979,3
5980,2
5981,8
5982,3
5983,4
5984,2
5985,1
5986,2
5987,1
5988,1
5989,1
5990,2
5991,6
5992,1
5993,8
5994,7
5995,7
5996,3
5997,7
5998,2
5999,8
6000,2
6001,1
6002,6
6003,6
6004,7
6005,1
6006,2
6007,2
6008,7
6009,1
6010,1
6011,3
6012,9
6013,2
6014,1
6015,8
6016,2
6017,8
6018,4
6019,1
6020,6
6021,9
6022,5
6023,1
6024,3
6025,1
6026,10
6027,1
6028,1
6029,1
6030,1
6031,8
6032,8
6033,8
6034,5
6035,8
6036,3
6037,4
6038,8
6039,8
6040,3
6041,4
6042,3
6043,9
6044,6
6045,4
6046,2
6047,1
6048,2
6049,5
6050,4
6051,5
6052,1
6053,1
6054,2
6055,5
6056,9
6057,1
6058,1
6059,7
6060,4
6061,1
6062,7
6063,2
6064,5
6065,4
6066,7
6067,6
6068,2
6069,5
6070,2
6071,1
6072,6
6073,3
6074,2
6075,2
6076,5
6077,10
6078,1
6079,4
6080,2
6081,2
6082,5
6083,5
6084,4
6085,5
6086,7
6087,1
6088,3
6089,5
6090,2
6091,1
6092,9
6093,5
6094,1
6095,8
6096,5
6097,1
6098,7
6099,4
6100,3
6101,2
6102,8
6103,3
6104,8
6105,6
6106,10
6107,8
6108,5
6109,8
6110,4
6111,1
6112,8
6113,2
6114,1
6115,2
6116,3
6117,2
6118,6
6119,8
6120,2
6121,1
6122,1
6123,3
6124,1
6125,1
6126,6
6127,4
6128,2
6129,10
6130,10
6131,1
6132,10
6133,1
6134,10
6135,1
6136,5
6137,6
6138,7
6139,5
6140,1
6141,9
6142,5
6143,2
6144,1
6145,1
6146,1
6147,3
6148,3
6149,2
6150,2
6151,4
6152,4
6153,6
6154,1
6155,2
6156,9
6157,10
6158,8
6159,1
6160,3
6161,1
6162,10
6163,1
6164,2
6165,1
6166,3
6167,7
6168,8
6169,8
6170,7
6171,2
6172,4
6173,2
6174,8
6175,5
6176,3
6177,1
6178,1
6179,2
6180,4
6181,1
6182,4
6183,3
6184,3
6185,1
6186,1
6187,6
6188,4
6189,5
6190,5
6191,7
6192,1
6193,5
6194,4
6195,3
6196,9
6197,1
6198,2
6199,7
6200,1
6201,2
6202,9
6203,6
6204,1
6205,4
6206,4
6207,1
6208,7
6209,5
6210,2
6211,6
6212,1
6213,8
6214,5
6215,4
6216,2
6217,7
6218,6
6219,3
6220,10
6221,1
6222,1
6223,9
6224,7
6225,7
6226,1
6227,3
6228,10
6229,2
6230,2
6231,4
6232,2
6233,2
6234,1
6235,1
6236,1
6237,2
6238,1
6239,3
6240,4
6241,1
6242,2
6243,7
6244,4
6245,1
6246,8
6247,2
6248,8
6249,3
6250,7
6251,1
6252,8
6253,8
6254,7
6255,10
6256,4
6257,1
6258,3
6259,7
6260,8
6261,1
6262,3
6263,1
6264,10
6265,2
6266,9
6267,5
6268,10
6269,4
6270,2
6271,9
6272,6
6273,7
6274,6
6275,9
6276,6
6277,2
6278,8
6279,1
6280,2
6281,1
6282,6
6283,2
6284,2
6285,10
6286,9
6287,1
6288,6
6289,3
6290,8
6291,6
6292,1
6293,1
6294,8
6295,2
6296,8
6297,10
6298,2
6299,8
6300,4
6301,5
6302,1
6303,3
6304,2
6305,5
6306,3
6307,1
6308,8
6309,7
6310,6
6311,4
6312,1
6313,8
6314,9
6315,1
6316,8
6317,9
6318,1
6319,2
6320,1
6321,3
6322,4
6323,10
6324,2
6325,5
6326,5
6327,7
6328,1
6329,2
6330,8
6331,7
6332,9
6333,4
6334,4
6335,4
6336,1
6337,1
6338,9
6339,7
6340,2
6341,6
6342,5
6343,3
6344,5
6345,6
6346,1
6347,2
6348,10
6349,5
6350,8
6351,1
6352,3
6353,2
6354,3
6355,3
6356,6
6357,10
6358,1
6359,1
6360,2
6361,2
6362,2
6363,8
6364,2
6365,1
6366,4
6367,7
6368,1
6369,5
6370,2
6371,1
6372,5
6373,5
6374,1
6375,3
6376,8
6377,1
6378,2
6379,2
6380,2
6381,1
6382,1
6383,8
6384,1
6385,1
6386,1
6387,3
6388,4
6389,1
6390,9
6391,5
6392,8
6393,1
6394,2
6395,5
6396,1
6397,10
6398,8
6399,1
6400,3
6401,1
6402,1
6403,6
6404,1
6405,2
6406,2
6407,1
6408,4
6409,4
6410,5
6411,7
6412,4
6413,1
6414,8
6415,1
6416,1
6417,3
6418,1
6419,1
6420,5
6421,2
6422,1
6423,4
6424,2
6425,2
6426,2
6427,2
6428,1
6429,1
6430,1
6431,8
6432,2
6433,2
6434,2
6435,4
6436,7
6437,1
6438,4
6439,6
6440,4
6441,4
6442,5
6443,5
6444,3
6445,8
6446,2
6447,8
6448,6
6449,2
6450,10
6451,1
6452,5
6453,2
6454,4
6455,3
6456,8
6457,6
6458,8
6459,1
6460,1
6461,5
6462,2
6463,7
6464,2
6465,1
6466,4
6467,1
6468,9
6469,2
6470,1
6471,1
6472,1
6473,3
6474,1
6475,2
6476,5
6477,1
6478,3
6479,1
6480,6
6481,6
6482,8
6483,8
6484,2
6485,5
6486,1
6487,2
6488,1
6489,7
6490,10
6491,1
6492,1
6493,5
6494,5
6495,2
6496,1
6497,8
6498,1
6499,4
6500,6
6501,6
6502,1
6503,6
6504,4
6505,2
6506,1
6507,8
6508,8
6509,1
6510,1
6511,1
6512,2
6513,1
6514,1
6515,6
6516,6
6517,1
6518,2
6519,5
6520,7
6521,4
6522,5
6523,1
6524,7
6525,10
6526,9
6527,8
6528,1
6529,6
6530,3
6531,1
6532,1
6533,9
6534,3
6535,6
6536,5
6537,6
6538,10
6539,3
6540,1
6541,10
6542,7
6543,3
6544,8
